<?xml version="1.0" encoding="UTF-8"?>
<!--

    Copyright 2013-2019 The OpenZipkin Authors

    Licensed under the Apache License, Version 2.0 (the "License"); you may not use this file except
    in compliance with the License. You may obtain a copy of the License at

    http://www.apache.org/licenses/LICENSE-2.0

    Unless required by applicable law or agreed to in writing, software distributed under the License
    is distributed on an "AS IS" BASIS, WITHOUT WARRANTIES OR CONDITIONS OF ANY KIND, either express
    or implied. See the License for the specific language governing permissions and limitations under
    the License.

-->
<settings xmlns:xsi="http://www.w3.org/2001/XMLSchema-instance"
  xmlns="http://maven.apache.org/SETTINGS/1.0.0"
  xsi:schemaLocation="http://maven.apache.org/SETTINGS/1.0.0
                          http://maven.apache.org/xsd/settings-1.0.0.xsd">
  <servers>
    <server>
      <id>sonatype</id>
      <username>${env.SONATYPE_USER}</username>
      <password>${env.SONATYPE_PASSWORD}</password>
    </server>
    <server>
      <id>bintray</id>
      <username>${env.BINTRAY_USER}</username>
      <password>${env.BINTRAY_KEY}</password>
    </server>
    <server>
      <id>jfrog-snapshots</id>
      <username>${env.BINTRAY_USER}</username>
      <password>${env.BINTRAY_KEY}</password>
    </server>
    <server>
      <id>github.com</id>
      <username>zipkinci</username>
      <password>${env.GH_TOKEN}</password>
    </server>
  </servers>
</settings>
